-- phpMyAdmin SQL Dump
-- version 4.5.1
-- http://www.phpmyadmin.net
--
-- Host: 127.0.0.1
-- Generation Time: 10 Jul 2019 pada 05.45
-- Versi Server: 10.1.10-MariaDB
-- PHP Version: 7.0.4

SET SQL_MODE = "NO_AUTO_VALUE_ON_ZERO";
SET time_zone = "+00:00";


/*!40101 SET @OLD_CHARACTER_SET_CLIENT=@@CHARACTER_SET_CLIENT */;
/*!40101 SET @OLD_CHARACTER_SET_RESULTS=@@CHARACTER_SET_RESULTS */;
/*!40101 SET @OLD_COLLATION_CONNECTION=@@COLLATION_CONNECTION */;
/*!40101 SET NAMES utf8mb4 */;

--
-- Database: `jagung`
--

-- --------------------------------------------------------

--
-- Struktur dari tabel `centroid_temp`
--

CREATE TABLE `centroid_temp` (
  `id` int(11) NOT NULL,
  `jenis` varchar(15) NOT NULL,
  `iterasi` int(11) NOT NULL,
  `c` varchar(5) NOT NULL
) ENGINE=InnoDB DEFAULT CHARSET=latin1;

--
-- Dumping data untuk tabel `centroid_temp`
--

INSERT INTO `centroid_temp` (`id`, `jenis`, `iterasi`, `c`) VALUES
(1, 'M', 1, 'c1'),
(2, 'M', 1, 'c1'),
(3, 'M', 1, 'c1'),
(4, 'M', 1, 'c1'),
(5, 'M', 1, 'c2'),
(6, 'M', 1, 'c2'),
(7, 'M', 1, 'c1'),
(8, 'M', 1, 'c1'),
(9, 'M', 1, 'c2'),
(10, 'M', 1, 'c1'),
(11, 'M', 1, 'c1'),
(12, 'M', 1, 'c1'),
(13, 'M', 1, 'c1'),
(14, 'M', 1, 'c1'),
(15, 'M', 1, 'c1'),
(16, 'M', 1, 'c1'),
(17, 'M', 1, 'c1'),
(18, 'M', 1, 'c1'),
(19, 'M', 1, 'c1'),
(20, 'M', 1, 'c1'),
(21, 'M', 1, 'c1'),
(22, 'M', 1, 'c1'),
(23, 'M', 1, 'c2'),
(24, 'M', 1, 'c2'),
(25, 'M', 1, 'c1'),
(26, 'M', 1, 'c1'),
(27, 'M', 1, 'c1'),
(28, 'M', 1, 'c1'),
(29, 'M', 1, 'c2'),
(30, 'M', 1, 'c1'),
(31, 'M', 1, 'c1'),
(32, 'M', 1, 'c1'),
(33, 'M', 1, 'c1'),
(34, 'M', 1, 'c1'),
(35, 'M', 1, 'c1'),
(36, 'M', 1, 'c1'),
(37, 'M', 1, 'c1'),
(38, 'M', 1, 'c1'),
(39, 'NM', 1, 'c2'),
(40, 'NM', 1, 'c2'),
(41, 'NM', 1, 'c2'),
(42, 'NM', 1, 'c2'),
(43, 'NM', 1, 'c2'),
(44, 'NM', 1, 'c2'),
(45, 'NM', 1, 'c2'),
(46, 'NM', 1, 'c2'),
(47, 'NM', 1, 'c2'),
(48, 'NM', 1, 'c2'),
(49, 'NM', 1, 'c2'),
(50, 'NM', 1, 'c2'),
(51, 'NM', 1, 'c2'),
(52, 'NM', 1, 'c2'),
(53, 'NM', 1, 'c1'),
(54, 'NM', 1, 'c2'),
(55, 'NM', 1, 'c2'),
(56, 'NM', 1, 'c2'),
(57, 'NM', 1, 'c1'),
(58, 'NM', 1, 'c2'),
(59, 'NM', 1, 'c2'),
(60, 'NM', 1, 'c2'),
(61, 'NM', 1, 'c2'),
(62, 'NM', 1, 'c2'),
(63, 'NM', 1, 'c2'),
(64, 'NM', 1, 'c2'),
(65, 'NM', 1, 'c2'),
(66, 'NM', 1, 'c2'),
(67, 'NM', 1, 'c2'),
(68, 'NM', 1, 'c1'),
(69, 'NM', 1, 'c1'),
(70, 'NM', 1, 'c1'),
(71, 'NM', 1, 'c1'),
(72, 'NM', 1, 'c1'),
(73, 'NM', 1, 'c1'),
(74, 'NM', 1, 'c1'),
(75, 'NM', 1, 'c1'),
(76, 'NM', 1, 'c1'),
(77, 'NM', 2, 'c2'),
(78, 'NM', 2, 'c2'),
(79, 'NM', 2, 'c2'),
(80, 'NM', 2, 'c2'),
(81, 'NM', 2, 'c2'),
(82, 'NM', 2, 'c2'),
(83, 'NM', 2, 'c2'),
(84, 'NM', 2, 'c2'),
(85, 'NM', 2, 'c1'),
(86, 'NM', 2, 'c2'),
(87, 'NM', 2, 'c2'),
(88, 'NM', 2, 'c2'),
(89, 'NM', 2, 'c2'),
(90, 'NM', 2, 'c2'),
(91, 'NM', 2, 'c2'),
(92, 'NM', 2, 'c2'),
(93, 'NM', 2, 'c2'),
(94, 'NM', 2, 'c2'),
(95, 'NM', 2, 'c2'),
(96, 'NM', 2, 'c2'),
(97, 'NM', 2, 'c2'),
(98, 'NM', 2, 'c2'),
(99, 'NM', 2, 'c1'),
(100, 'NM', 2, 'c1'),
(101, 'NM', 2, 'c2'),
(102, 'NM', 2, 'c2'),
(103, 'NM', 2, 'c2'),
(104, 'NM', 2, 'c2'),
(105, 'NM', 2, 'c2'),
(106, 'NM', 2, 'c2'),
(107, 'NM', 2, 'c2'),
(108, 'NM', 2, 'c2'),
(109, 'NM', 2, 'c2'),
(110, 'NM', 2, 'c2'),
(111, 'NM', 2, 'c2'),
(112, 'NM', 2, 'c2'),
(113, 'NM', 2, 'c2'),
(114, 'NM', 2, 'c2'),
(115, 'NM', 3, 'c2'),
(116, 'NM', 3, 'c2'),
(117, 'NM', 3, 'c2'),
(118, 'NM', 3, 'c2'),
(119, 'NM', 3, 'c2'),
(120, 'NM', 3, 'c1'),
(121, 'NM', 3, 'c2'),
(122, 'NM', 3, 'c2'),
(123, 'NM', 3, 'c1'),
(124, 'NM', 3, 'c2'),
(125, 'NM', 3, 'c2'),
(126, 'NM', 3, 'c2'),
(127, 'NM', 3, 'c2'),
(128, 'NM', 3, 'c2'),
(129, 'NM', 3, 'c2'),
(130, 'NM', 3, 'c2'),
(131, 'NM', 3, 'c2'),
(132, 'NM', 3, 'c2'),
(133, 'NM', 3, 'c2'),
(134, 'NM', 3, 'c2'),
(135, 'NM', 3, 'c2'),
(136, 'NM', 3, 'c2'),
(137, 'NM', 3, 'c1'),
(138, 'NM', 3, 'c1'),
(139, 'NM', 3, 'c2'),
(140, 'NM', 3, 'c2'),
(141, 'NM', 3, 'c2'),
(142, 'NM', 3, 'c2'),
(143, 'NM', 3, 'c1'),
(144, 'NM', 3, 'c2'),
(145, 'NM', 3, 'c2'),
(146, 'NM', 3, 'c2'),
(147, 'NM', 3, 'c2'),
(148, 'NM', 3, 'c2'),
(149, 'NM', 3, 'c2'),
(150, 'NM', 3, 'c2'),
(151, 'NM', 3, 'c2'),
(152, 'NM', 3, 'c2'),
(153, 'NM', 4, 'c2'),
(154, 'NM', 4, 'c1'),
(155, 'NM', 4, 'c2'),
(156, 'NM', 4, 'c1'),
(157, 'NM', 4, 'c1'),
(158, 'NM', 4, 'c1'),
(159, 'NM', 4, 'c1'),
(160, 'NM', 4, 'c2'),
(161, 'NM', 4, 'c1'),
(162, 'NM', 4, 'c1'),
(163, 'NM', 4, 'c2'),
(164, 'NM', 4, 'c1'),
(165, 'NM', 4, 'c1'),
(166, 'NM', 4, 'c1'),
(167, 'NM', 4, 'c2'),
(168, 'NM', 4, 'c2'),
(169, 'NM', 4, 'c1'),
(170, 'NM', 4, 'c1'),
(171, 'NM', 4, 'c2'),
(172, 'NM', 4, 'c2'),
(173, 'NM', 4, 'c1'),
(174, 'NM', 4, 'c1'),
(175, 'NM', 4, 'c1'),
(176, 'NM', 4, 'c1'),
(177, 'NM', 4, 'c2'),
(178, 'NM', 4, 'c2'),
(179, 'NM', 4, 'c2'),
(180, 'NM', 4, 'c2'),
(181, 'NM', 4, 'c1'),
(182, 'NM', 4, 'c2'),
(183, 'NM', 4, 'c2'),
(184, 'NM', 4, 'c2'),
(185, 'NM', 4, 'c2'),
(186, 'NM', 4, 'c2'),
(187, 'NM', 4, 'c2'),
(188, 'NM', 4, 'c2'),
(189, 'NM', 4, 'c2'),
(190, 'NM', 4, 'c2'),
(191, 'NM', 5, 'c1'),
(192, 'NM', 5, 'c2'),
(193, 'NM', 5, 'c1'),
(194, 'NM', 5, 'c2'),
(195, 'NM', 5, 'c2'),
(196, 'NM', 5, 'c2'),
(197, 'NM', 5, 'c2'),
(198, 'NM', 5, 'c1'),
(199, 'NM', 5, 'c2'),
(200, 'NM', 5, 'c1'),
(201, 'NM', 5, 'c1'),
(202, 'NM', 5, 'c2'),
(203, 'NM', 5, 'c2'),
(204, 'NM', 5, 'c2'),
(205, 'NM', 5, 'c1'),
(206, 'NM', 5, 'c1'),
(207, 'NM', 5, 'c2'),
(208, 'NM', 5, 'c1'),
(209, 'NM', 5, 'c1'),
(210, 'NM', 5, 'c1'),
(211, 'NM', 5, 'c1'),
(212, 'NM', 5, 'c1'),
(213, 'NM', 5, 'c2'),
(214, 'NM', 5, 'c2'),
(215, 'NM', 5, 'c1'),
(216, 'NM', 5, 'c1'),
(217, 'NM', 5, 'c1'),
(218, 'NM', 5, 'c1'),
(219, 'NM', 5, 'c2'),
(220, 'NM', 5, 'c1'),
(221, 'NM', 5, 'c1'),
(222, 'NM', 5, 'c1'),
(223, 'NM', 5, 'c1'),
(224, 'NM', 5, 'c1'),
(225, 'NM', 5, 'c1'),
(226, 'NM', 5, 'c1'),
(227, 'NM', 5, 'c1'),
(228, 'NM', 5, 'c1'),
(229, 'NM', 6, 'c1'),
(230, 'NM', 6, 'c2'),
(231, 'NM', 6, 'c1'),
(232, 'NM', 6, 'c2'),
(233, 'NM', 6, 'c2'),
(234, 'NM', 6, 'c2'),
(235, 'NM', 6, 'c2'),
(236, 'NM', 6, 'c1'),
(237, 'NM', 6, 'c2'),
(238, 'NM', 6, 'c2'),
(239, 'NM', 6, 'c1'),
(240, 'NM', 6, 'c2'),
(241, 'NM', 6, 'c2'),
(242, 'NM', 6, 'c2'),
(243, 'NM', 6, 'c1'),
(244, 'NM', 6, 'c1'),
(245, 'NM', 6, 'c2'),
(246, 'NM', 6, 'c2'),
(247, 'NM', 6, 'c1'),
(248, 'NM', 6, 'c1'),
(249, 'NM', 6, 'c2'),
(250, 'NM', 6, 'c2'),
(251, 'NM', 6, 'c2'),
(252, 'NM', 6, 'c2'),
(253, 'NM', 6, 'c1'),
(254, 'NM', 6, 'c1'),
(255, 'NM', 6, 'c1'),
(256, 'NM', 6, 'c1'),
(257, 'NM', 6, 'c2'),
(258, 'NM', 6, 'c1'),
(259, 'NM', 6, 'c1'),
(260, 'NM', 6, 'c1'),
(261, 'NM', 6, 'c1'),
(262, 'NM', 6, 'c1'),
(263, 'NM', 6, 'c1'),
(264, 'NM', 6, 'c1'),
(265, 'NM', 6, 'c1'),
(266, 'NM', 6, 'c1');

-- --------------------------------------------------------

--
-- Struktur dari tabel `hasil_iterasi`
--

CREATE TABLE `hasil_iterasi` (
  `id` int(11) NOT NULL,
  `iterasi` int(11) NOT NULL,
  `total_medoids` double NOT NULL,
  `total_non_medoids` double NOT NULL,
  `selisih` double NOT NULL
) ENGINE=InnoDB DEFAULT CHARSET=latin1;

--
-- Dumping data untuk tabel `hasil_iterasi`
--

INSERT INTO `hasil_iterasi` (`id`, `iterasi`, `total_medoids`, `total_non_medoids`, `selisih`) VALUES
(1, 1, 13588764.353, 11260107.606735, -2328656.7462644),
(2, 2, 11260107.606735, 6079722.5211969, -5180385.0855381),
(3, 3, 6079722.5211969, 4849070.3409217, -1230652.1802752),
(4, 4, 4849070.3409217, 4022323.0467651, -826747.29415658),
(5, 5, 4022323.0467651, 3824025.936251, -198297.11051412),
(6, 6, 3824025.936251, 4203479.2214997, 379453.28524874);

-- --------------------------------------------------------

--
-- Struktur dari tabel `hasil_klaster`
--

CREATE TABLE `hasil_klaster` (
  `id_klaster` int(11) NOT NULL,
  `fk_tanaman` int(11) NOT NULL,
  `c` varchar(10) NOT NULL
) ENGINE=InnoDB DEFAULT CHARSET=latin1;

--
-- Dumping data untuk tabel `hasil_klaster`
--

INSERT INTO `hasil_klaster` (`id_klaster`, `fk_tanaman`, `c`) VALUES
(1, 267, 'c1'),
(2, 268, 'c2'),
(3, 269, 'c1'),
(4, 270, 'c2'),
(5, 271, 'c2'),
(6, 272, 'c2'),
(7, 273, 'c2'),
(8, 274, 'c1'),
(9, 275, 'c2'),
(10, 276, 'c1'),
(11, 277, 'c1'),
(12, 278, 'c2'),
(13, 279, 'c2'),
(14, 280, 'c2'),
(15, 281, 'c1'),
(16, 282, 'c1'),
(17, 283, 'c2'),
(18, 284, 'c1'),
(19, 285, 'c1'),
(20, 286, 'c1'),
(21, 287, 'c1'),
(22, 288, 'c1'),
(23, 289, 'c2'),
(24, 290, 'c2'),
(25, 291, 'c1'),
(26, 292, 'c1'),
(27, 293, 'c1'),
(28, 294, 'c1'),
(29, 295, 'c2'),
(30, 296, 'c1'),
(31, 297, 'c1'),
(32, 298, 'c1'),
(33, 299, 'c1'),
(34, 300, 'c1'),
(35, 301, 'c1'),
(36, 302, 'c1'),
(37, 303, 'c1'),
(38, 304, 'c1');

-- --------------------------------------------------------

--
-- Struktur dari tabel `hasil_pengujian`
--

CREATE TABLE `hasil_pengujian` (
  `id` int(11) NOT NULL,
  `c` int(11) NOT NULL,
  `si` double NOT NULL
) ENGINE=InnoDB DEFAULT CHARSET=latin1;

--
-- Dumping data untuk tabel `hasil_pengujian`
--

INSERT INTO `hasil_pengujian` (`id`, `c`, `si`) VALUES
(1, 0, 0.78344974501202),
(2, 1, 0.071913918540624),
(3, 2, -0.65519196723135),
(4, 3, -0.93590164162273);

-- --------------------------------------------------------

--
-- Struktur dari tabel `lokasi`
--

CREATE TABLE `lokasi` (
  `id_lokasi` int(11) NOT NULL,
  `nama_lokasi` varchar(100) NOT NULL
) ENGINE=InnoDB DEFAULT CHARSET=latin1;

--
-- Dumping data untuk tabel `lokasi`
--

INSERT INTO `lokasi` (`id_lokasi`, `nama_lokasi`) VALUES
(1, 'Kabupaten Pacitan'),
(2, 'Kabupaten Ponorogo'),
(3, 'Kabupaten Trenggalek'),
(4, 'Kabupaten Tulungagung'),
(5, 'Kabupaten Blitar'),
(6, 'Kabupaten Kediri'),
(7, 'Kabupaten Malang'),
(8, 'Kabupaten Lumajang'),
(9, 'Kabupaten Jember'),
(10, 'Kabupaten Banyuwangi'),
(11, 'Kabupaten Bondowoso'),
(12, 'Kabupaten Situbondo'),
(13, 'Kabupaten Probolinggo'),
(14, 'Kabupaten Pasuruan'),
(15, 'Kabupaten Sidoarjo'),
(16, 'Kabupaten Mojokerto'),
(17, 'Kabupaten Jombang'),
(18, 'Kabupaten Nganjuk'),
(19, 'Kabupaten Madiun'),
(20, 'Kabupaten Magetan'),
(21, 'Kabupaten Ngawi'),
(22, 'Kabupaten Bojonegoro'),
(23, 'Kabupaten Tuban'),
(24, 'Kabupaten Lamongan'),
(25, 'Kabupaten Gresik'),
(26, 'Kabupaten Bangkalan'),
(27, 'Kabupaten Sampang'),
(28, 'Kabupaten Pamekasan'),
(29, 'Kabupaten Sumenep'),
(30, 'Kota Kediri'),
(31, 'Kota Blitar'),
(32, 'Kota Malang'),
(33, 'Kota Probolinggo'),
(34, 'Kota Pasuruan'),
(35, 'Kota Mojokerto'),
(36, 'Kota Madiun'),
(37, 'Kota Surabaya'),
(38, 'Kota Batu');

-- --------------------------------------------------------

--
-- Struktur dari tabel `tanaman`
--

CREATE TABLE `tanaman` (
  `id_tanaman` int(11) NOT NULL,
  `fk_lokasi` int(11) NOT NULL,
  `produksi` int(11) NOT NULL,
  `luas_panen` int(11) NOT NULL,
  `produktivitas` int(11) NOT NULL,
  `tahun` int(11) NOT NULL
) ENGINE=InnoDB DEFAULT CHARSET=latin1;

--
-- Dumping data untuk tabel `tanaman`
--

INSERT INTO `tanaman` (`id_tanaman`, `fk_lokasi`, `produksi`, `luas_panen`, `produktivitas`, `tahun`) VALUES
(1, 1, 108848, 24275, 44, 2010),
(2, 2, 180962, 31355, 57, 2010),
(3, 3, 62249, 13823, 0, 2010),
(4, 4, 52173, 9044, 57, 2010),
(5, 5, 229722, 45567, 50, 2010),
(6, 6, 301446, 53051, 56, 2010),
(7, 7, 320086, 57678, 55, 2010),
(8, 8, 147930, 31654, 46, 2010),
(9, 9, 360153, 61032, 59, 2010),
(10, 10, 190989, 31951, 59, 2010),
(11, 11, 181167, 38185, 47, 2010),
(12, 12, 216016, 47451, 45, 2010),
(13, 13, 324623, 73032, 44, 2010),
(14, 14, 156476, 41583, 37, 2010),
(15, 15, 571, 181, 31, 2010),
(16, 16, 150779, 25027, 60, 2010),
(17, 17, 194233, 32129, 60, 2010),
(18, 18, 200083, 33875, 59, 2010),
(19, 19, 43706, 7891, 55, 2010),
(20, 20, 78404, 12481, 62, 2010),
(21, 21, 88847, 16030, 55, 2010),
(22, 22, 196102, 44640, 43, 2010),
(23, 23, 459299, 90200, 50, 2010),
(24, 24, 281998, 50198, 56, 2010),
(25, 25, 111438, 24082, 46, 2010),
(26, 26, 168050, 73645, 22, 2010),
(27, 27, 151750, 75696, 20, 2010),
(28, 28, 116894, 37425, 31, 2010),
(29, 29, 477924, 167039, 28, 2010),
(30, 30, 3499, 937, 37, 2010),
(31, 31, 5003, 1200, 41, 2010),
(32, 32, 1432, 283, 50, 2010),
(33, 33, 19594, 3736, 52, 2010),
(34, 34, 116, 36, 0, 2010),
(35, 35, 74, 21, 35, 2010),
(36, 36, 0, 0, 0, 2010),
(37, 37, 391, 112, 34, 2010),
(38, 38, 4291, 1176, 36, 2010),
(39, 1, 91521, 21429, 42, 2011),
(40, 2, 171036, 33552, 50, 2011),
(41, 3, 64970, 11595, 56, 2011),
(42, 4, 151730, 22290, 68, 2011),
(43, 5, 235543, 40385, 58, 2011),
(44, 6, 262405, 46264, 56, 2011),
(45, 7, 297302, 59108, 50, 2011),
(46, 8, 161552, 31533, 51, 2011),
(47, 9, 404403, 60723, 66, 2011),
(48, 10, 178683, 29479, 60, 2011),
(49, 11, 209137, 44979, 46, 2011),
(50, 12, 206315, 48168, 42, 2011),
(51, 13, 272464, 69614, 39, 2011),
(52, 14, 178343, 40709, 43, 2011),
(53, 15, 537, 91, 59, 2011),
(54, 16, 116801, 21876, 53, 2011),
(55, 17, 185524, 27647, 67, 2011),
(56, 18, 239197, 33745, 70, 2011),
(57, 19, 39041, 6722, 58, 2011),
(58, 20, 82707, 12548, 65, 2011),
(59, 21, 100236, 19096, 52, 2011),
(60, 22, 155396, 33903, 45, 2011),
(61, 23, 480822, 99354, 48, 2011),
(62, 24, 280650, 51613, 54, 2011),
(63, 25, 93869, 18183, 51, 2011),
(64, 26, 174455, 70264, 24, 2011),
(65, 27, 113265, 71594, 15, 2011),
(66, 28, 147192, 36644, 37, 2011),
(67, 29, 310056, 130884, 23, 2011),
(68, 30, 6217, 905, 68, 2011),
(69, 31, 7354, 1612, 45, 2011),
(70, 32, 867, 205, 42, 2011),
(71, 33, 20749, 3578, 57, 2011),
(72, 34, 0, 0, 0, 2011),
(73, 35, 30, 5, 60, 2011),
(74, 36, 0, 0, 0, 2011),
(75, 37, 661, 134, 49, 2011),
(76, 38, 2675, 632, 42, 2011),
(77, 1, 147641, 21536, 68, 2012),
(78, 2, 243408, 35031, 69, 2012),
(79, 3, 74238, 14111, 52, 2012),
(80, 4, 232657, 35872, 64, 2012),
(81, 5, 317255, 48821, 64, 2012),
(82, 6, 316025, 50053, 63, 2012),
(83, 7, 272764, 48821, 55, 2012),
(84, 8, 190905, 32339, 59, 2012),
(85, 9, 418141, 55654, 75, 2012),
(86, 10, 133402, 21700, 61, 2012),
(87, 11, 182305, 39983, 45, 2012),
(88, 12, 257174, 45960, 55, 2012),
(89, 13, 345079, 70500, 48, 2012),
(90, 14, 199534, 41690, 47, 2012),
(91, 15, 799, 119, 67, 2012),
(92, 16, 135107, 22724, 59, 2012),
(93, 17, 242795, 31896, 76, 2012),
(94, 18, 267650, 33497, 79, 2012),
(95, 19, 33472, 5712, 58, 2012),
(96, 20, 77064, 11450, 67, 2012),
(97, 21, 111907, 18233, 61, 2012),
(98, 22, 171877, 37251, 46, 2012),
(99, 23, 515919, 92443, 55, 2012),
(100, 24, 348883, 59543, 58, 2012),
(101, 25, 155010, 24520, 63, 2012),
(102, 26, 120993, 53287, 22, 2012),
(103, 27, 161738, 84238, 19, 2012),
(104, 28, 150308, 45846, 32, 2012),
(105, 29, 420796, 142126, 29, 2012),
(106, 30, 6887, 868, 79, 2012),
(107, 31, 6932, 1447, 47, 2012),
(108, 32, 916, 228, 40, 2012),
(109, 33, 32342, 4255, 76, 2012),
(110, 34, 0, 0, 0, 2012),
(111, 35, 0, 0, 0, 2012),
(112, 36, 0, 0, 0, 2012),
(113, 37, 493, 129, 38, 2012),
(114, 38, 2885, 640, 45, 2012),
(115, 1, 102294, 20072, 50, 2013),
(116, 2, 246564, 35163, 70, 2013),
(117, 3, 59444, 10792, 55, 2013),
(118, 4, 262850, 38767, 67, 2013),
(119, 5, 273529, 48180, 56, 2013),
(120, 6, 300068, 49398, 60, 2013),
(121, 7, 306479, 56088, 54, 2013),
(122, 8, 167234, 29810, 56, 2013),
(123, 9, 384881, 57118, 67, 2013),
(124, 10, 120911, 20581, 58, 2013),
(125, 11, 179348, 41681, 43, 2013),
(126, 12, 301733, 54924, 54, 2013),
(127, 13, 318557, 68474, 46, 2013),
(128, 14, 215836, 44537, 48, 2013),
(129, 15, 446, 79, 56, 2013),
(130, 16, 122617, 23807, 51, 2013),
(131, 17, 197353, 28410, 69, 2013),
(132, 18, 235951, 29449, 80, 2013),
(133, 19, 29029, 5653, 51, 2013),
(134, 20, 76738, 11687, 65, 2013),
(135, 21, 143718, 22689, 63, 2013),
(136, 22, 166519, 33528, 49, 2013),
(137, 23, 431786, 83473, 51, 2013),
(138, 24, 261706, 53130, 49, 2013),
(139, 25, 121085, 21976, 55, 2013),
(140, 26, 127527, 59, 21, 2013),
(141, 27, 108645, 64694, 16, 2013),
(142, 28, 95338, 43268, 22, 2013),
(143, 29, 359689, 135558, 20, 2013),
(144, 30, 6020, 907, 66, 2013),
(145, 31, 8340, 1905, 43, 2013),
(146, 32, 937, 218, 42, 2013),
(147, 33, 26682, 4001, 66, 2013),
(148, 34, 0, 0, 0, 2013),
(149, 35, 0, 0, 0, 2013),
(150, 36, 0, 0, 0, 2013),
(151, 37, 222, 58, 38, 2013),
(152, 38, 884, 266, 33, 2013),
(153, 1, 101887, 20401, 49, 2014),
(154, 2, 193720, 32245, 60, 2014),
(155, 3, 76415, 12972, 58, 2014),
(156, 4, 256180, 40387, 63, 2014),
(157, 5, 321769, 49805, 64, 2014),
(158, 6, 318023, 50664, 62, 2014),
(159, 7, 285630, 49209, 58, 2014),
(160, 8, 135772, 29704, 45, 2014),
(161, 9, 390759, 59858, 65, 2014),
(162, 10, 137031, 22555, 60, 2014),
(163, 11, 154920, 35160, 44, 2014),
(164, 12, 265725, 50666, 52, 2014),
(165, 13, 233783, 61163, 38, 2014),
(166, 14, 233623, 47531, 49, 2014),
(167, 15, 217, 26, 83, 2014),
(168, 16, 109252, 23506, 46, 2014),
(169, 17, 233448, 30540, 76, 2014),
(170, 18, 213160, 28971, 73, 2014),
(171, 19, 30560, 6003, 50, 2014),
(172, 20, 79210, 13564, 58, 2014),
(173, 21, 169113, 24252, 69, 2014),
(174, 22, 190611, 37765, 50, 2014),
(175, 23, 454782, 94711, 48, 2014),
(176, 24, 316607, 58279, 54, 2014),
(177, 25, 120364, 21583, 55, 2014),
(178, 26, 136712, 57727, 23, 2014),
(179, 27, 95332, 55872, 17, 2014),
(180, 28, 113245, 39873, 28, 2014),
(181, 29, 324330, 139934, 23, 2014),
(182, 30, 5713, 883, 64, 2014),
(183, 31, 9318, 1827, 51, 2014),
(184, 32, 620, 163, 38, 2014),
(185, 33, 27786, 4093, 67, 2014),
(186, 34, 0, 0, 0, 2014),
(187, 35, 30, 5, 60, 2014),
(188, 36, 0, 0, 0, 2014),
(189, 37, 316, 73, 43, 2014),
(190, 38, 1419, 330, 43, 2014),
(191, 1, 100013, 20185, 49, 2015),
(192, 2, 238283, 34935, 68, 2015),
(193, 3, 90076, 14138, 63, 2015),
(194, 4, 324452, 46642, 69, 2015),
(195, 5, 360357, 55187, 65, 2015),
(196, 6, 362501, 51480, 70, 2015),
(197, 7, 287175, 45251, 63, 2015),
(198, 8, 134493, 30901, 43, 2015),
(199, 9, 427064, 62309, 68, 2015),
(200, 10, 183612, 30627, 59, 2015),
(201, 11, 132846, 30268, 43, 2015),
(202, 12, 241091, 48516, 49, 2015),
(203, 13, 207461, 52800, 39, 2015),
(204, 14, 250518, 44340, 56, 2015),
(205, 15, 687, 116, 59, 2015),
(206, 16, 125882, 23091, 54, 2015),
(207, 17, 211164, 29412, 71, 2015),
(208, 18, 241546, 30292, 79, 2015),
(209, 19, 38187, 6252, 61, 2015),
(210, 20, 85859, 13721, 62, 2015),
(211, 21, 188653, 24334, 77, 2015),
(212, 22, 225553, 46174, 48, 2015),
(213, 23, 506966, 95975, 52, 2015),
(214, 24, 290920, 53564, 54, 2015),
(215, 25, 112451, 20573, 54, 2015),
(216, 26, 132884, 58998, 22, 2015),
(217, 27, 98332, 54171, 18, 2015),
(218, 28, 93793, 38508, 24, 2015),
(219, 29, 396067, 143753, 27, 2015),
(220, 30, 5577, 1012, 55, 2015),
(221, 31, 8874, 1844, 48, 2015),
(222, 32, 640, 151, 42, 2015),
(223, 33, 25146, 3722, 67, 2015),
(224, 34, 0, 0, 0, 2015),
(225, 35, 36, 6, 60, 2015),
(226, 36, 32, 5, 0, 2015),
(227, 37, 917, 175, 52, 2015),
(228, 38, 1055, 226, 46, 2015),
(229, 1, 130996, 21295, 61, 2016),
(230, 2, 259501, 38802, 66, 2016),
(231, 3, 75717, 15340, 49, 2016),
(232, 4, 296497, 44624, 66, 2016),
(233, 5, 316797, 50461, 62, 2016),
(234, 6, 309751, 47513, 65, 2016),
(235, 7, 344140, 54051, 63, 2016),
(236, 8, 112767, 25935, 43, 2016),
(237, 9, 402031, 62836, 63, 2016),
(238, 10, 213909, 30706, 69, 2016),
(239, 11, 114518, 26014, 44, 2016),
(240, 12, 271852, 55100, 49, 2016),
(241, 13, 272669, 59217, 46, 2016),
(242, 14, 272838, 44151, 61, 2016),
(243, 15, 681, 110, 61, 2016),
(244, 16, 131135, 25264, 51, 2016),
(245, 17, 241325, 31626, 76, 2016),
(246, 18, 164945, 24755, 66, 2016),
(247, 19, 40867, 6227, 65, 2016),
(248, 20, 104272, 15207, 68, 2016),
(249, 21, 209954, 29560, 71, 2016),
(250, 22, 224644, 48062, 46, 2016),
(251, 23, 526515, 97464, 54, 2016),
(252, 24, 378977, 60678, 62, 2016),
(253, 25, 115915, 20162, 57, 2016),
(254, 26, 144771, 59617, 24, 2016),
(255, 27, 79165, 43871, 18, 2016),
(256, 28, 135987, 40234, 33, 2016),
(257, 29, 339183, 151859, 22, 2016),
(258, 30, 4213, 737, 57, 2016),
(259, 31, 9007, 1855, 48, 2016),
(260, 32, 412, 96, 42, 2016),
(261, 33, 31099, 4887, 63, 2016),
(262, 34, 0, 0, 0, 2016),
(263, 35, 0, 0, 0, 2016),
(264, 36, 0, 0, 0, 2016),
(265, 37, 258, 64, 39, 2016),
(266, 38, 956, 218, 43, 2016),
(267, 1, 97446, 19116, 50, 2017),
(268, 2, 220705, 34356, 64, 2017),
(269, 3, 67642, 11179, 60, 2017),
(270, 4, 269528, 41277, 65, 2017),
(271, 5, 312385, 52098, 59, 2017),
(272, 6, 345757, 51273, 67, 2017),
(273, 7, 260458, 44933, 57, 2017),
(274, 8, 137507, 24223, 56, 2017),
(275, 9, 471285, 64236, 73, 2017),
(276, 10, 207513, 32351, 64, 2017),
(277, 11, 130516, 31573, 41, 2017),
(278, 12, 248421, 49672, 50, 2017),
(279, 13, 270441, 58078, 46, 2017),
(280, 14, 284785, 46744, 60, 2017),
(281, 15, 1415, 220, 64, 2017),
(282, 16, 151967, 23608, 64, 2017),
(283, 17, 254234, 37593, 67, 2017),
(284, 18, 208248, 28638, 72, 2017),
(285, 19, 52277, 8434, 61, 2017),
(286, 20, 96326, 14683, 65, 2017),
(287, 21, 170879, 26921, 63, 2017),
(288, 22, 204026, 46397, 43, 2017),
(289, 23, 627283, 116449, 53, 2017),
(290, 24, 426133, 66800, 63, 2017),
(291, 25, 139513, 23211, 60, 2017),
(292, 26, 132602, 60624, 21, 2017),
(293, 27, 92242, 53336, 17, 2017),
(294, 28, 87668, 38827, 22, 2017),
(295, 29, 325326, 143215, 22, 2017),
(296, 30, 6514, 982, 66, 2017),
(297, 31, 8163, 1652, 49, 2017),
(298, 32, 238, 64, 36, 2017),
(299, 33, 24655, 4110, 59, 2017),
(300, 34, 0, 0, 0, 2017),
(301, 35, 0, 0, 0, 2017),
(302, 36, 0, 0, 0, 2017),
(303, 37, 307, 65, 46, 2017),
(304, 38, 847, 158, 53, 2017),
(305, 1, 108848, 24275, 45, 2018),
(306, 2, 180962, 31355, 58, 2018),
(307, 3, 62249, 13823, 0, 2018),
(308, 4, 52173, 9044, 58, 2018),
(309, 5, 229722, 45567, 50, 2018),
(310, 6, 301446, 53051, 57, 2018),
(311, 7, 320086, 57678, 56, 2018),
(312, 8, 147930, 31654, 47, 2018),
(313, 9, 360153, 61032, 59, 2018),
(314, 10, 190989, 31951, 60, 2018),
(315, 11, 181167, 38185, 47, 2018),
(316, 12, 216016, 47451, 46, 2018),
(317, 13, 324623, 73032, 44, 2018),
(318, 14, 156476, 41583, 38, 2018),
(319, 15, 571, 181, 32, 2018),
(320, 16, 150779, 25027, 60, 2018),
(321, 17, 194233, 32129, 60, 2018),
(322, 18, 200083, 33875, 59, 2018),
(323, 19, 43706, 7891, 55, 2018),
(324, 20, 78404, 12481, 63, 2018),
(325, 21, 88847, 16030, 55, 2018),
(326, 22, 196102, 44640, 44, 2018),
(327, 23, 459299, 90200, 51, 2018),
(328, 24, 281998, 50198, 56, 2018),
(329, 25, 111438, 50198, 46, 2018),
(330, 26, 168050, 50198, 23, 2018),
(331, 27, 151750, 50198, 20, 2018),
(332, 28, 116894, 50198, 31, 2018),
(333, 29, 477924, 50198, 29, 2018),
(334, 30, 3499, 50198, 37, 2018),
(335, 31, 5003, 50198, 42, 2018),
(336, 32, 1432, 50198, 51, 2018),
(337, 33, 19594, 50198, 52, 2018),
(338, 34, 116, 50198, 0, 2018),
(339, 35, 74, 50198, 35, 2018),
(340, 36, 0, 50198, 0, 2018),
(341, 37, 391, 50198, 35, 2018),
(342, 38, 4291, 50198, 36, 2018);

-- --------------------------------------------------------

--
-- Struktur dari tabel `user`
--

CREATE TABLE `user` (
  `id_user` int(11) NOT NULL,
  `username` varchar(255) NOT NULL,
  `password` varchar(255) NOT NULL,
  `nama` varchar(100) NOT NULL,
  `email` varchar(50) NOT NULL,
  `level` int(11) NOT NULL
) ENGINE=InnoDB DEFAULT CHARSET=latin1;

--
-- Dumping data untuk tabel `user`
--

INSERT INTO `user` (`id_user`, `username`, `password`, `nama`, `email`, `level`) VALUES
(4, 'admin', 'YWRtaW4=', 'Admin', 'admin@gmail.com', 1),
(5, 'mkhamdank', 'bWtoYW1kYW5r', 'Khamdan', 'gsyn153@gmail.com', 2),
(6, 'andi', 'YW5kaQ==', 'Andi Novan', 'andi@gmail.com', 2),
(7, 'fandi', 'ZmFuZGk=', 'Fandi', 'fandi@gmail.com', 2),
(8, 'randra', 'cmFuZHJh', 'Randra', 'randra@gmail.com', 2);

--
-- Indexes for dumped tables
--

--
-- Indexes for table `centroid_temp`
--
ALTER TABLE `centroid_temp`
  ADD PRIMARY KEY (`id`);

--
-- Indexes for table `hasil_iterasi`
--
ALTER TABLE `hasil_iterasi`
  ADD PRIMARY KEY (`id`);

--
-- Indexes for table `hasil_klaster`
--
ALTER TABLE `hasil_klaster`
  ADD PRIMARY KEY (`id_klaster`),
  ADD KEY `fk_tanaman` (`fk_tanaman`);

--
-- Indexes for table `hasil_pengujian`
--
ALTER TABLE `hasil_pengujian`
  ADD PRIMARY KEY (`id`);

--
-- Indexes for table `lokasi`
--
ALTER TABLE `lokasi`
  ADD PRIMARY KEY (`id_lokasi`);

--
-- Indexes for table `tanaman`
--
ALTER TABLE `tanaman`
  ADD PRIMARY KEY (`id_tanaman`),
  ADD KEY `fk_lokasi` (`fk_lokasi`);

--
-- Indexes for table `user`
--
ALTER TABLE `user`
  ADD PRIMARY KEY (`id_user`);

--
-- AUTO_INCREMENT for dumped tables
--

--
-- AUTO_INCREMENT for table `centroid_temp`
--
ALTER TABLE `centroid_temp`
  MODIFY `id` int(11) NOT NULL AUTO_INCREMENT, AUTO_INCREMENT=267;
--
-- AUTO_INCREMENT for table `hasil_iterasi`
--
ALTER TABLE `hasil_iterasi`
  MODIFY `id` int(11) NOT NULL AUTO_INCREMENT, AUTO_INCREMENT=7;
--
-- AUTO_INCREMENT for table `hasil_klaster`
--
ALTER TABLE `hasil_klaster`
  MODIFY `id_klaster` int(11) NOT NULL AUTO_INCREMENT, AUTO_INCREMENT=39;
--
-- AUTO_INCREMENT for table `hasil_pengujian`
--
ALTER TABLE `hasil_pengujian`
  MODIFY `id` int(11) NOT NULL AUTO_INCREMENT, AUTO_INCREMENT=5;
--
-- AUTO_INCREMENT for table `lokasi`
--
ALTER TABLE `lokasi`
  MODIFY `id_lokasi` int(11) NOT NULL AUTO_INCREMENT, AUTO_INCREMENT=39;
--
-- AUTO_INCREMENT for table `tanaman`
--
ALTER TABLE `tanaman`
  MODIFY `id_tanaman` int(11) NOT NULL AUTO_INCREMENT, AUTO_INCREMENT=343;
--
-- AUTO_INCREMENT for table `user`
--
ALTER TABLE `user`
  MODIFY `id_user` int(11) NOT NULL AUTO_INCREMENT, AUTO_INCREMENT=9;
/*!40101 SET CHARACTER_SET_CLIENT=@OLD_CHARACTER_SET_CLIENT */;
/*!40101 SET CHARACTER_SET_RESULTS=@OLD_CHARACTER_SET_RESULTS */;
/*!40101 SET COLLATION_CONNECTION=@OLD_COLLATION_CONNECTION */;
